Barrios,Población,0-15 años,16-64 años,65 o más años ,Edad promedio,Densidad,Superficie,Índice de la estructura de la población activa,Tasa de desempleo,Nacimientos,Defunciones,Inmigración,Emigración,"Renta neta media anual de los hogares
",Actividades economicas,Educacion,Centros Universitarios,Sanidad,Bibliotecas,"Instalaciones deportivas(Polideportivos, no básicas",Zonas verdes (m2),Distancia al centro (km),Metro,Tren,Autobus,Monumentos,Ocio/cultura,Residuos generados,Seguridad Percibida día,Seguridad Percibida de Noche,Delitos intervencion policial,Delitos contra seguridad vial,Precio feb 2021,Variación mensual,Variación trimestral,Variación anual,Máximo histórico(precio),Satisfacción de vivir en su barrio,Calidad de vida actual en su barrio,Malo,Regular,Muy bueno
Abrantes,31947,5136,21245,5566,42.37,235.5973451,1.356,78.01,12.53,241,237,2272,1202,28513.0,646,25,0,17,0,0,709659,4.50102,1,0,1,9,40,8952,71.3,49.1,79,37,2216,-1.5,-0.7,-1.1,2908,68.4,66.2,1,0,0
Adelfas,18864,2519,12179,4087,45.2,294.75,0.64,74.61,7.39,162,175,825,505,46145.0,363,23,0,23,1,0,50768,3.227302,1,0,1,1,78,5233,81.0,67.0,28,18,4077,-0.1,0.01,-3.2,4353,82.2,80.2,0,0,1
Aeropuerto,1900,278,1335,287,42.0,0.7560082763,25.132,80.89,10.34,22,9,150,92,41636.0,375,3,0,5,0,0,7345,13.97507,1,1,1,2,26,740,81.6,67.6,4,1,2622,-3.7,-9.0,-13.5,3203,79.0,80.9,0,0,1
Alameda de Osuna,19820,3302,11403,5115,45.16,101.0708822,1.961,63.41,6.93,117,110,609,512,25366.0,347,22,0,18,0,2,444699,10.78982,1,0,1,23,274,7716,81.6,67.6,38,14,3421,0.013,-0.6,0.031,3442,79.0,80.9,0,0,1
Almagro,19903,2264,12841,4733,46.24,212.411953,0.937,89.68,5.49,165,207,1317,599,69963.0,1049,35,1,52,0,0,4827,1.865322,1,0,1,29,39,6043,81.4,75.2,36,17,6203,-1.7,-3.9,-7.1,6728,79.1,80.0,1,0,0
Almenara,23096,2762,15791,4450,44.3,231.1911912,0.999,95.19,12.89,181,290,1583,888,29675.0,771,36,0,51,1,1,156708,5.971766,1,0,1,1,77,7243,80.8,60.4,74,26,3411,-0.9,-0.7,-2.4,3508,66.5,67.1,1,0,0
Almendrales,22179,3329,15349,3501,41.68,287.2927461,0.772,90.2,12.67,189,153,1716,852,26567.0,697,18,0,23,0,0,81222,3.634204,1,0,1,5,584,5995,67.3,44.9,59,23,1956,-0.4,-1.6,-9.2,2730,60.1,61.8,0,1,0
Aluche,67418,7634,39989,19795,48.38,236.6374166,2.849,79.98,10.79,422,631,3708,1914,31245.0,1833,74,0,112,2,0,462934,5.422167,1,1,1,17,117,18314,72.2,54.4,103,57,2086,-2.2,-4.1,-5.2,2658,68.5,68.6,1,0,0
Amposta,8874,1314,5923,1637,43.52,239.8378378,0.37,86.38,17.16,80,119,657,335,38875.0,217,4,0,19,0,0,76957,6.965015,1,0,1,1,34,3167,76.0,66.0,23,4,1859,0.0,-3.3,-8.7,2078,67.8,70.3,0,0,1
Apostol Santiago,15555,1890,10412,3253,45.63,129.1943522,1.204,73.01,10.07,96,152,791,570,37313.0,202,12,0,9,0,1,313766,7.364464,1,0,1,5,119,4503,76.4,60.9,18,7,2983,0.081,0.096,0.031,2983,75.2,75.7,0,0,1
Arapiles,24792,2564,16253,5887,46.01,428.9273356,0.578,104.54,7.32,194,259,1817,927,42935.0,1167,59,1,52,0,0,11185,1.950981,1,0,1,8,48,7527,81.4,75.2,45,21,4803,-1.5,-3.3,-3.9,5435,79.1,80.0,1,0,0
Aravaca,27503,5427,17860,4216,40.11,46.9735269,5.855,75.51,5.14,205,135,1329,1033,68120.0,563,52,0,48,0,1,870192,8.111993,1,1,1,8,49,12253,83.5,70.5,64,32,3623,0.014,0.02,-1.5,3742,81.0,79.5,0,0,1
Arcos,24692,3727,16638,4327,43.32,189.210728,1.305,71.14,12.63,163,246,1063,635,54991.0,320,26,1,14,1,0,171934,7.233839,1,0,1,4,95,8812,76.0,66.0,64,11,2118,-0.3,-2.0,-2.3,2421,67.8,70.3,0,0,1
Argüelles,24423,2444,15947,6032,45.97,323.4834437,0.755,90.73,6.83,152,264,1911,859,52003.0,1154,51,1,53,1,0,37695,1.870762,1,0,1,14,44,10881,83.5,70.5,57,29,4726,-0.4,-0.7,-4.1,4970,81.0,79.5,0,0,1
Atalaya,1555,252,943,360,44.35,62.7016129,0.248,71.45,6.13,17,13,78,74,71758.0,30,3,0,3,0,0,21268,6.193194,0,0,1,2,3,428,70.3,56.1,4,1,3369,0.0,0.016,-5.2,4126,66.9,69.5,0,0,1
Atocha,1211,239,847,125,39.1,15.62580645,0.775,65.11,7.89,15,5,31,8,38575.0,169,1,0,3,0,0,33702,1.855958,1,1,1,1,3,310,85.0,69.0,2,1,3915,0.0,0.0,0.006,4096,81.3,77.9,0,1,0
Bellas Vistas,30019,3551,20939,5405,43.22,419.2597765,0.716,102.5,9.66,253,232,2386,1076,28861.0,1018,39,0,29,1,0,12805,4.011777,1,0,1,3,100,9311,80.8,60.4,96,34,3440,-1.7,-2.5,0.01,3688,66.5,67.1,1,0,0
Berruguete,25953,3188,18419,4236,42.51,427.5617792,0.607,99.99,9.9,211,164,2121,989,29321.0,823,21,0,21,0,1,4639,4.811367,1,0,1,1,87,8360,80.8,60.4,83,29,3346,0.018,0.006,0.029,3346,66.5,67.1,1,0,0
Buenavista,48010,9569,31881,6560,39.87,85.53358275,5.613,64.46,9.81,406,286,2394,1720,31741.0,1267,61,0,46,0,1,895981,7.092179,1,0,1,8,60,13454,71.3,49.1,119,55,1938,-0.6,0.003,-1.9,2696,68.4,66.2,1,0,0
Butarque,20026,4857,13423,1746,36.12,31.1688716,6.425,71.02,10.74,186,66,933,592,30469.0,281,20,0,10,0,0,253290,9.28212,1,1,1,1,70,5795,62.1,41.6,53,15,2092,0.004,-1.4,-2.0,2472,55.0,56.2,0,0,1
Campamento,19848,2568,12641,4639,45.67,21.67522114,9.157,85.03,9.63,166,167,1432,811,31967.0,447,19,0,16,0,0,119912,7.926897,1,0,1,1,34,5392,72.2,54.4,30,17,2116,-0.6,-0.7,-5.8,2496,68.5,68.6,1,0,0
Canillas,40838,4930,25092,10816,47.56,162.3131955,2.516,71.7,8.68,283,365,1515,1066,37404.0,1255,87,0,85,0,1,267622,7.137167,1,0,1,17,312,11823,76.4,60.9,46,19,3187,0.002,-0.6,-1.2,3692,75.2,75.7,0,0,1
Canillejas,29047,3728,18660,6659,45.7,181.7709637,1.598,79.72,11.17,210,267,1580,1001,31306.0,884,30,0,43,1,0,106160,8.740856,1,0,1,8,111,10368,76.0,66.0,75,13,2327,-0.4,-2.8,-3.1,2604,67.8,70.3,0,0,1
Casa de Campo,13258,1314,8597,3290,48.13,7.589009731,17.47,74.1,8.8,97,135,688,418,55238.0,624,24,0,31,0,5,16094187,4.514192,1,1,1,118,24,5907,83.5,70.5,31,16,3678,0.011,0.044,-2.6,3944,81.0,79.5,0,0,1
Casco Histórico de Barajas,7683,906,5351,1426,44.25,126.1576355,0.609,85.86,11.3,71,60,581,349,37427.0,338,11,0,20,0,0,26845,12.42337,0,0,1,2,105,2992,81.6,67.6,16,4,2622,-3.7,-9.0,-13.5,3203,79.0,80.9,0,0,1
Casco Histórico de Vallecas,40956,6831,27378,6747,41.37,8.29757491,49.359,83.81,14.86,322,278,2252,1400,24526.0,2501,54,0,59,1,1,2404750,8.217998,1,1,1,20,69,21095,74.2,52.5,119,33,1867,-1.0,-4.4,-7.1,2538,71.3,69.0,0,0,1
Casco Histórico de Vicálvaro,35666,5315,22937,7414,43.93,21.09166174,16.91,80.82,13.72,253,336,2025,1171,24578.0,1039,44,1,42,1,2,651669,8.274869,1,1,1,22,355,14707,72.1,66.6,40,17,2074,-2.0,0.003,-3.3,2441,72.6,72.1,0,0,1
Castellana,32596,17297,11284,4015,45.11,224.6571798,0.773,105.01,4.39,152,159,1611,556,72529.0,1077,14,1,37,0,0,6331,2.450671,1,0,1,30,123,5849,82.0,73.0,85,19,6655,-2.4,-4.7,-5.5,7120,78.8,77.11,1,0,0
Castilla,17287,2372,10958,3898,45.02,80.03240741,2.16,90.28,6.54,125,175,956,525,56554.0,487,22,0,20,1,0,48729,6.890416,1,1,1,5,38,5316,87.0,73.0,37,17,4238,0.004,0.043,-0.9,4393,84.0,80.11,0,0,1
Castillejos,20925,1988,13927,4920,46.67,295.5508475,0.708,100.22,7.89,174,184,1539,748,46596.0,932,20,0,41,0,1,21025,4.833874,1,0,1,14,70,5213,80.8,60.4,67,24,4348,0.005,0.013,0.031,4399,66.5,67.1,1,0,0
Ciudad Jardín,18953,2332,12201,4360,45.83,248.7270341,0.762,86.22,8.25,183,165,1141,564,44437.0,979,42,0,46,3,1,74630,4.331016,1,0,1,6,42,5828,87.0,73.0,40,19,4504,0.002,-1.2,-0.3,4967,84.0,80.9,0,0,1
Ciudad Universitaria,16395,2034,10215,4146,46.12,11.50687816,14.248,89.59,5.79,126,173,957,472,61444.0,742,94,63,38,0,1,809300,3.568627,1,0,1,50,30,7304,83.5,70.5,38,19,3840,0.004,0.025,0.022,4207,81.0,79.5,0,0,1
Colina,6519,1002,4044,1473,44.81,116.6189624,0.559,74.01,7.39,60,48,355,211,53789.0,252,11,1,27,0,0,4977,5.855274,1,0,1,1,12,1793,70.3,56.1,15,6,4691,0.058,0.062,0.041,4752,66.9,69.5,0,0,1
Comillas,23001,2568,15072,5361,46.3,345.3603604,0.666,87.35,12.2,183,223,1608,797,32241.0,795,17,0,18,0,0,131484,2.828239,0,0,1,4,29,6445,71.3,49.1,57,26,1876,0.001,-4.0,-0.4,2615,68.4,66.2,1,0,0
Concepción,21153,2575,13555,5023,46.8,239.0169492,0.885,76.89,9.88,168,261,1244,690,34609.0,911,38,0,23,0,1,82206,5.147962,1,0,1,3,40,5819,70.3,56.1,48,19,2942,0.014,0.041,-9.7,3474,66.9,69.5,0,0,1
Corralejos,7754,1880,5103,771,37.75,16.73645586,4.633,51.42,5.37,73,33,245,195,31866.0,205,8,0,7,1,0,1656206,10.97858,1,0,1,62,106,3019,81.6,67.6,16,4,3324,-1.3,-4.5,-4.9,3901,79.0,80.9,0,0,1
Cortes,10793,772,8191,1808,44.78,182.3141892,0.592,96.43,8.11,74,86,1210,440,37427.0,115,24,1,15,0,0,6959,0.510682,1,0,1,66,64,5883,83.0,70.0,148,24,5229,0.015,0.03,-2.1,5481,77.3,73.6,0,0,1
Costillares,22245,3394,13940,4911,44.35,155.8864751,1.427,74.84,6.13,154,166,881,606,66648.0,360,24,0,30,0,0,148376,7.20236,1,0,1,10,42,6120,70.3,56.1,50,20,4114,0.002,-0.6,-3.1,4306,66.9,69.5,0,0,1
Cuatro Caminos,35348,3695,23589,7908,45.64,296.2950545,1.193,100.13,7.2,287,344,2525,1235,44416.0,1880,47,0,52,0,0,56636,3.316582,1,1,1,7,118,9689,80.8,60.4,113,40,4245,0.002,0.042,-2.5,4480,66.5,67.1,1,0,0
Cuatro Vientos,5881,1348,4157,376,36.12,10.85255582,5.419,63.73,9.52,77,17,272,213,35492.0,99,9,0,8,0,0,283273,8.302237,1,1,1,0,10,1598,72.2,54.4,9,5,2223,-0.6,-1.0,-3.8,3019,68.5,68.6,1,0,0
Delicias,28233,3908,19514,4811,43.16,267.1050142,1.057,78.78,7.59,239,192,1732,968,40446.0,725,37,0,31,1,1,123923,2.484825,1,1,1,7,76,7226,85.0,69.0,54,19,3922,0.013,0.008,0.03,4193,81.3,77.9,0,1,0
El Cañaveral,2398,586,1736,76,33.2,234.8677767,10.21,93.1,5.54,29,2,405,70,19674.0,23,1,0,1,0,0,365486,13.38939,0,0,1,0,24,989,72.1,66.6,3,1,2444,0.018,0.01,0.022,2444,72.6,72.1,0,0,1
El Goloso,19125,6145,11437,1460,33.53,7.214530914,26.509,61.88,4.61,320,95,836,650,60056.0,429,66,10,29,0,0,475722,15.67555,1,1,1,4,132,5702,73.5,67.3,17,11,3469,0.001,-1.0,-1.3,3726,73.6,75.8,0,0,1
El Pardo,3486,416,2177,879,47.52,0.1857793031,187.642,74.72,7.84,22,44,185,170,40657.0,129,5,0,9,0,0,89924,13.12907,0,0,1,11,24,1039,73.5,67.3,3,2,3469,0.001,-1.0,-1.3,3726,73.6,75.8,0,0,1
El Pilar,46980,5076,28223,13556,48.34,345.6953642,1.359,81.71,9.05,347,468,2255,1337,34260.0,1644,65,0,57,1,1,266463,6.699163,1,0,1,3,326,14002,73.5,67.3,43,28,3032,-2.6,-3.6,-7.3,3333,73.6,75.8,0,0,1
El Plantío,2799,523,1724,552,42.57,7.875633089,3.554,69.69,4.31,27,41,133,128,89015.0,186,12,0,12,0,0,62122,11.25079,0,0,1,2,5,1247,83.5,70.5,6,3,2590,-1.0,-3.2,-1.2,3410,81.0,79.5,0,0,1
El Salvador,11476,1312,7741,2423,46.07,61.01010101,1.881,69.5,7.57,56,69,403,251,54441.1,211,13,0,5,0,0,364180,7.081979,0,0,1,21,45,4096,76.0,66.0,30,5,3311,-0.8,-3.4,0.072,3967,67.8,70.3,0,0,1
El Viso,17477,2449,11194,3790,44.46,102.324356,1.708,88.83,4.18,170,144,991,469,88194.0,843,82,2,40,0,0,32229,3.487876,1,0,1,21,39,5374,87.0,73.0,37,18,6118,0.002,0.016,-0.6,6614,84.0,80.6,0,0,1
Embajadores,47224,3914,36697,6437,42.69,457.5968992,1.032,108.04,10.79,337,344,5129,2048,26762.0,2844,71,2,37,2,0,40198,0.821903,1,1,1,37,279,25740,83.0,70.0,648,104,4162,0.0,-1.7,-7.3,4489,77.3,73.6,0,0,1
Ensanche de Vallecas,48872,12102,34520,2250,33.69,643.8998682,0.759,87.01,8.96,827,112,2705,1832,33053.0,591,39,0,33,0,0,202036,10.45364,1,0,1,1,83,25173,74.2,52.5,143,40,2755,-0.4,0.01,0.027,3278,71.3,69.0,0,0,1
Entrevías,35516,5142,23640,6734,43.5,59.22294481,5.997,84.49,16.14,285,346,1915,1132,21623.0,726,33,0,25,1,2,1443173,4.998284,0,1,1,9,115,10149,70.1,46.8,162,65,1490,0.004,0.005,-3.5,1871,65.4,60.0,1,0,0
Estrella,23430,3031,13089,7234,48.67,228.5853659,1.025,73.11,6.15,169,234,687,453,59503.0,365,17,0,22,0,0,160579,3.150283,1,0,1,3,97,6500,81.0,67.0,35,22,4012,0.008,0.017,-2.5,4300,82.2,80.2,0,0,1
Fontarrón,17519,2180,10936,4403,46.94,181.7323651,0.964,78.9,11.81,123,209,1016,545,28449.0,297,17,3,20,1,0,233115,5.248137,0,0,1,7,58,4002,81.3,61.0,24,14,2692,0.005,-0.1,-0.7,2500,78.6,76.4,1,0,0
Fuente del Berro,40183,21249,13772,5162,46.72,250.1760563,0.852,87.78,8.03,164,215,1290,648,41676.0,799,39,0,48,0,1,125442,3.492557,1,0,1,12,151,7179,82.0,73.0,104,23,4442,-0.6,-1.5,-1.4,4702,78.8,77.9,1,0,0
Fuentelarreina,3315,562,1877,869,45.31,23.9869754,1.382,73.64,4.44,31,23,128,78,79413.0,18,0,0,1,0,0,57601,7.49774,0,0,1,3,23,988,73.5,67.3,3,2,3340,-0.7,-0.5,-2.0,4296,73.6,75.8,0,0,1
Gaztambide,23458,2219,15227,5883,46.87,463.5968379,0.506,104.61,7.21,150,283,1852,829,45821.0,1371,53,1,57,0,0,5751,2.194426,1,0,1,5,45,7122,81.4,75.2,43,20,4769,0.009,0.013,-0.6,5000,79.1,80.0,1,0,0
Goya,56678,29945,19617,7116,46.23,389.8054475,0.771,94.21,6.26,249,271,2306,1016,50739.0,1656,40,0,68,0,1,2541,2.503741,1,0,1,10,213,10123,82.0,73.0,147,32,5599,0.008,-0.5,-2.8,5970,78.8,77.9,1,0,0
Guindalera,79777,42306,27353,10118,46.48,265.738423,1.598,88.28,7.49,299,463,2485,1254,46916.0,1501,81,0,76,2,1,176553,3.702063,1,0,1,19,301,14302,82.0,73.0,207,46,4106,0.008,0.008,-4.3,4439,78.8,77.9,1,0,0
Hellín,9342,1172,6062,2108,46.57,170.1639344,0.549,79.72,14.48,86,147,523,298,28801.0,76,4,0,10,0,1,155333,7.530488,0,0,1,3,36,3334,76.0,66.0,24,4,1903,-0.4,0.013,-2.2,2112,67.8,70.3,0,0,1
Hispanoamérica,32157,4740,19421,7881,45.94,188.3831283,1.707,75.99,5.84,329,354,1464,873,63487.0,1356,57,2,81,0,0,90013,4.804948,1,0,1,6,71,9888,87.0,73.0,68,32,5201,0.024,0.038,0.0,5238,84.0,80.9,0,0,1
Horcajo,6435,1072,4764,599,40.01,86.37583893,0.745,62.76,9.97,43,17,175,137,42236.0,93,12,0,9,0,0,294748,6.583479,0,0,1,0,21,1470,81.3,61.0,9,5,2692,0.005,-0.1,-0.7,2500,78.6,76.4,1,0,0
Ibiza,22080,2727,13839,5427,46.67,450.6122449,0.49,79.54,7.19,180,256,1397,668,46829.0,887,15,0,34,0,0,0,2.5359,1,0,1,3,91,6125,81.0,67.0,33,21,5227,0.0,0.013,-0.5,5578,82.2,80.2,0,0,1
Imperial,22908,2637,15243,5028,46.32,236.8976215,0.967,73.0,8.15,170,214,911,614,35479.5,662,36,0,37,0,1,119912,1.617407,0,0,1,9,61,5863,85.0,69.0,44,15,3915,0.0,0.0,0.006,4096,81.3,77.9,0,1,0
Jerónimos,7078,836,4371,1839,47.9,37.25263158,1.9,68.63,5.38,58,86,426,284,69543.0,317,11,2,8,1,2,1199193,1.689224,1,0,1,137,29,1963,81.0,67.0,11,7,7156,0.028,0.021,-2.1,7853,82.2,80.2,0,0,1
Justicia,18092,1419,13775,2827,44.09,243.8274933,0.742,96.59,7.95,129,122,2005,672,41584.0,1817,31,0,28,1,2,22422,1.018647,1,0,1,41,107,9862,83.0,70.0,248,40,5707,0.012,-1.7,-1.7,6120,77.3,73.6,0,0,1
La Chopera,20287,2174,13558,4555,46.18,358.4275618,0.566,87.81,10.46,179,176,1322,729,32349.2,672,18,0,28,0,0,131556,2.469856,1,0,1,5,54,5192,85.0,69.0,39,13,3641,-0.4,0.031,0.016,3843,81.3,77.9,0,1,0
La Paz,33717,3793,18734,11117,49.33,156.1695229,2.159,79.5,6.55,241,245,974,838,59243.0,590,31,2,58,1,1,361745,7.271284,1,0,1,14,234,10049,73.5,67.3,31,20,3595,0.008,0.007,0.027,3825,73.6,75.8,0,0,1
Las Acacias,36922,3850,24434,8638,46.71,343.7802607,1.074,78.38,8.07,235,334,1468,917,45515.8,1074,88,0,69,1,1,275970,1.822004,1,1,1,18,98,9450,85.0,69.0,71,24,4092,0.011,0.006,-0.2,4273,81.3,77.9,0,1,0
Las Aguilas,52111,6249,31485,14377,48.05,144.3917983,3.609,68.87,10.48,347,511,2167,1475,30303.0,1092,38,1,51,1,2,624022,9181.034,1,1,1,1,89,14156,72.2,54.4,79,43,2131,0.002,-0.2,0.008,2648,68.5,68.6,1,0,0
Legazpi,19810,3754,14215,1841,38.8,141.9054441,1.396,68.76,6.25,242,89,717,616,50472.0,399,26,0,31,0,1,566979,2.947543,1,0,1,9,53,5070,85.0,69.0,38,13,4392,-0.2,0.027,-1.7,4714,81.3,77.9,0,1,0
Lista,40112,21211,13876,5025,45.83,409.5576923,0.52,101.28,6.3,191,198,1777,709,49641.0,1008,27,1,49,0,0,5795,3.017612,1,0,1,4,151,7173,82.0,73.0,104,23,5909,0.015,0.016,0.037,5991,78.8,77.11,1,0,0
Los Angeles,32538,4044,20225,8269,46.79,167.3765432,1.944,81.44,12.96,227,313,1889,944,28413.0,683,29,0,36,0,0,396039,6.750951,1,0,1,1,114,9416,62.1,41.6,86,25,1764,0.006,-0.7,-2.2,2487,55.0,56.2,0,0,1
Los Cármenes,17736,2494,12245,2997,43.26,137.2755418,1.292,78.03,14.04,137,129,890,587,25530.0,321,13,0,12,0,1,428805,4.170082,1,1,1,1,31,4818,72.2,54.4,27,15,2275,-2.9,0.004,-14.5,2780,68.5,68.6,1,0,0
Los Rosales,38107,5697,26041,6369,42.5,252.1972204,1.511,75.24,12.58,307,251,2130,1296,28679.0,827,35,0,35,0,2,267965,6.741233,1,0,1,11,133,11027,62.1,41.6,101,29,1851,0.004,0.022,0.015,2299,55.0,56.2,0,0,1
Lucero,36783,4594,24080,8109,45.53,219.0768314,1.679,81.71,11.62,243,367,2178,1185,30371.0,845,40,0,41,0,1,509944,3.794102,1,1,1,10,64,9992,72.2,54.4,56,31,2155,0.004,-0.4,-7.6,2727,68.5,68.6,1,0,0
Marroquina,27232,2676,17032,7524,49.02,152.2191168,1.789,70.99,8.93,133,262,782,565,40061.0,757,49,1,46,0,0,646611,5.385049,0,0,1,9,89,6221,81.3,61.0,38,21,2889,-1.0,-0.5,0.001,2995,78.6,76.4,1,0,0
Mirasierra,34077,7447,21581,5018,39.12,48.85591398,6.975,76.04,5.09,401,189,958,678,69353.0,370,32,3,58,0,1,524899,8.252763,1,1,1,1,236,10160,73.5,67.3,30,15,3800,0.016,0.057,0.025,3963,73.6,75.8,0,0,1
Moscardó,27128,3490,18638,5000,43.68,298.7665198,0.908,87.75,12.3,247,243,2202,1051,25753.0,1118,31,0,35,0,1,133311,3.104558,1,0,1,8,714,7333,67.3,44.9,72,28,2099,-0.3,-1.3,-11.6,2420,60.1,61.8,0,1,0
Niño Jesús,15500,2318,9005,4138,46.41,241.0575428,0.643,72.58,5.34,142,140,548,318,68049.0,438,51,0,28,0,0,24343,2.608878,1,0,1,6,64,4299,81.0,67.0,24,15,4815,-0.1,0.026,0.031,5036,82.2,80.2,0,0,1
Nueva España,25077,4286,15526,5203,43.27,140.2516779,1.788,80.26,4.55,252,180,1176,654,73423.0,793,55,2,57,0,1,68824,5.486701,1,0,1,1,55,7711,87.0,73.0,53,25,5658,0.014,0.037,0.061,5663,84.0,80.1,0,0,1
Numancia,48410,6280,33280,8850,43.45,261.8171985,1.849,90.06,13.7,412,402,3623,1796,25086.0,1340,53,0,49,1,0,310262,4.191857,1,0,1,8,155,13834,70.1,46.8,221,89,2000,0.007,0.0,-3.3,2830,65.4,60.0,1,0,0
Opañel,33681,4015,22735,6931,44.83,304.5298373,1.106,86.58,10.89,252,282,2405,1217,28305.0,1198,35,0,42,0,0,80497,3.728787,1,0,1,4,42,9438,71.3,49.1,83,38,2038,0.016,0.032,0.002,2460,68.4,66.2,1,0,0
Orcasitas,23173,3942,14805,4426,43.47,170.8923304,1.356,63.01,13.36,141,200,820,611,25064.0,323,25,0,13,0,0,370287,5.335958,1,1,1,6,610,6264,67.3,44.9,62,25,1617,-0.3,0.008,-10.7,2376,60.1,61.8,0,1,0
Orcasur,14154,2316,9805,2033,40.82,102.2687861,1.384,83.92,10.95,124,108,820,532,25998.0,238,21,0,13,1,1,175922,5.42595,1,1,1,12,373,3826,67.3,44.9,38,15,1617,-0.3,0.008,-10.7,2376,60.1,61.8,0,1,0
Pacífico,33921,3497,21768,8502,47.63,452.28,0.75,79.37,7.72,226,314,1766,996,36935.0,1077,42,0,40,0,2,26732,2.979522,1,0,1,5,141,9410,81.0,67.0,50,32,3976,-0.2,-2.5,-4.4,4197,82.2,80.2,0,0,1
Palacio,23695,1825,17342,4426,45.78,161.1904762,1.47,85.14,10.25,154,192,2022,864,35509.2,1615,53,0,19,1,0,287039,1.049016,1,0,1,143,140,12915,83.0,70.0,325,52,4764,-0.1,0.008,0.018,5073,77.3,73.6,0,0,1
Palomas,6839,1394,4413,1032,40.27,60.62943262,1.128,64.6,6.16,43,41,275,145,82127.0,107,9,0,8,0,1,171742,8.536035,0,0,1,1,52,1980,76.4,60.9,8,3,3614,-2.4,-3.4,-5.1,4522,75.2,75.7,0,0,1
Palomeras Bajas,40910,5238,28933,6739,43.42,237.2969838,1.724,77.56,12.28,277,307,2104,1178,29095.0,759,43,0,34,0,2,263428,5.219588,1,0,1,18,132,11691,70.1,46.8,186,75,1973,0.011,0.034,-3.6,2569,65.4,60.0,1,0,0
Palomeras Sureste,43164,5975,29322,7867,43.78,138.4348942,3.118,78.33,12.79,346,368,2039,1361,27257.0,912,40,1,29,1,1,566600,6.724502,1,0,1,8,139,12335,70.1,46.8,196,79,1996,0.037,0.024,-2.6,2784,65.4,60.0,1,0,0
Palos de Moguer,26289,2542,18334,5413,45.73,408.8491446,0.643,91.46,9.13,191,240,1947,968,34649.6,1237,50,1,62,0,1,14451,1.633491,1,0,1,4,71,6728,85.0,69.0,50,18,3908,0.0,0.0,0.003,4254,81.3,77.9,0,1,0
Pavones,9355,1105,5920,2330,46.53,92.07677165,1.016,81.1,11.99,64,97,480,241,34086.0,157,11,0,35,0,1,209413,6.389382,1,0,1,5,30,2137,81.3,61.0,13,7,2692,-0.3,0.051,0.019,2894,78.6,76.4,1,0,0
Peña Grande,45071,5905,27304,11729,46.67,155.9550173,2.89,74.22,8.12,313,390,1688,1171,46484.0,835,52,0,62,0,1,409974,7.039261,1,0,1,1,313,13433,73.5,67.3,41,27,3403,0.016,0.01,0.043,3495,73.6,75.8,0,0,1
Pinar del Rey,53162,6557,32682,13923,47.14,201.9832827,2.632,75.97,11.03,381,525,2345,1563,33796.0,1392,63,0,64,2,0,457981,7.317607,1,0,1,18,406,15391,76.4,60.9,60,25,2855,0.014,0.016,-0.9,3238,75.2,75.7,0,0,1
Piovera,14939,2679,10115,2145,40.95,47.59158968,3.139,68.81,5.02,124,44,667,413,81088.0,259,28,0,28,0,0,622232,7.14832,0,0,1,2,114,4325,76.4,60.9,17,7,4257,0.005,-0.5,0.009,5203,75.2,75.7,0,0,1
Portazgo,28968,3998,18815,6155,44.66,232.6746988,1.245,84.75,14.83,241,294,1592,973,24110.0,849,29,0,33,0,0,168511,5.487351,1,0,1,7,93,8278,70.1,46.8,132,53,1860,0.002,0.027,-0.7,2365,65.4,60.0,1,0,0
Pradolongo,17847,2500,12386,2961,42.12,162.9863014,1.095,94.23,12.48,137,153,1531,840,31306.0,766,22,0,26,1,0,622294,4.489762,0,0,1,15,469,4824,67.3,44.9,47,20,1964,-1.8,-0.9,-7.5,2415,60.1,61.8,0,1,0
Prosperidad,37070,4104,23525,9311,46.84,355.4170662,1.043,87.52,8.35,309,364,1976,1111,44699.0,1341,52,0,62,0,0,67808,4.121175,1,0,1,1,83,11399,87.0,73.0,78,38,4228,-0.6,0.02,-1.1,4475,84.0,80.7,0,0,1
Pueblo Nuevo,63521,7775,42077,13669,45.23,273.9154808,2.319,83.02,10.69,452,571,3992,2082,30458.0,2081,64,0,74,2,2,268174,5.419633,1,0,1,8,121,17475,70.3,56.1,144,58,2506,0.006,-0.8,-0.5,3050,66.9,69.5,0,0,1
Puerta Bonita,35932,5262,24237,6433,42.7,223.5967642,1.607,87.74,13.47,286,328,2836,1425,26012.0,875,44,0,40,1,0,149923,4.290004,1,0,1,24,45,10069,71.3,49.1,89,41,3056,0.004,0.014,0.019,3603,68.4,66.2,1,0,0
Puerta del Angel,42362,4834,28854,8674,45.11,308.3114993,1.374,88.69,12.32,294,405,3037,1647,28421.0,1499,57,0,54,0,0,207601,2.041662,1,0,1,5,74,11508,72.2,54.4,64,36,2535,-1.2,-2.0,-2.5,2951,68.5,68.6,1,0,0
Quintana,25151,2817,16883,5451,45.9,348.3518006,0.722,86.78,10.4,158,269,1774,839,30692.0,1137,49,0,43,0,0,34761,5.216635,1,0,1,3,48,6919,70.3,56.1,57,23,2909,-0.5,0.019,0.028,3094,66.9,69.5,0,0,1
Recoletos,15846,1837,10294,3715,45.99,182.8505747,0.87,85.95,4.32,155,159,1395,542,79717.0,1528,15,1,27,0,0,21230,1.716563,1,1,1,39,113,5358,82.0,73.0,78,17,8263,-0.8,-2.8,-4.5,8652,78.8,77.6,1,0,0
Rejas,17299,3451,11926,1922,38.76,34.54963052,5.007,75.2,8.16,178,74,1480,857,31684.0,665,8,0,7,0,1,448484,11.74935,0,0,1,1,66,6174,76.0,66.0,45,8,3013,-0.6,-3.4,0.011,3315,67.8,70.3,0,0,1
Rosas,31794,5139,22155,4500,41.94,33.86663826,9.388,59.51,7.06,186,155,890,692,31866.0,800,57,0,49,1,1,312024,9.403526,1,0,1,2,122,11347,76.0,66.0,82,14,3107,0.016,0.066,0.013,3394,67.8,70.3,0,0,1
Ríos Rosas,27676,3149,18004,6416,45.77,285.0257467,0.971,97.39,6.51,255,262,1895,940,49813.0,1228,43,2,52,1,0,12928,2.910535,1,0,1,17,54,8403,81.4,75.2,50,24,5028,-1.6,-2.5,0.0,5218,79.1,80.0,1,0,0
San Andrés,46749,7413,31665,7671,42.04,50.85835509,9.192,81.79,15.46,408,390,3016,1739,22697.0,2410,58,0,57,1,1,905311,7.761754,1,1,1,11,163,13529,62.1,41.6,125,36,1626,0.015,0.007,0.0,2691,55.0,56.2,0,0,1
San Cristobal,16898,3180,11710,2008,38.35,152.7848101,1.106,102.63,17.95,195,134,1659,856,19859.0,237,10,0,13,1,2,185017,8.279563,1,1,1,8,59,4890,62.1,41.6,45,13,1308,-1.2,-3.4,-10.0,1727,55.0,56.2,0,0,1
San Diego,43899,6445,31529,5925,40.55,410.6548176,1.069,97.43,14.02,421,312,4495,1966,21338.0,1627,36,0,52,1,0,34863,4.107964,1,0,1,11,142,12545,70.1,46.8,200,80,1850,-1.0,-0.2,-2.6,3143,65.4,60.0,1,0,0
San Fermín,24001,4206,16364,3431,40.45,164.0533151,1.463,77.16,13.37,219,190,1328,762,25887.0,371,11,0,14,0,1,296628,5.214486,1,0,1,3,632,6488,67.3,44.9,64,25,1925,-3.5,-0.1,0.019,2319,60.1,61.8,0,1,0
San Isidro,40023,5298,27193,7532,43.74,210.7582938,1.899,85.47,14.66,318,360,2727,1421,26487.0,1103,29,0,35,1,1,415290,2.792699,1,0,1,11,50,11215,71.3,49.1,99,45,2565,0.004,0.035,-2.2,2833,68.4,66.2,1,0,0
San Juan Bautista,12725,1955,8024,2746,44.28,125.990099,1.01,75.27,7.24,104,87,565,355,57429.0,374,20,0,33,0,1,113391,5.483711,1,0,1,6,24,3500,70.3,56.1,29,11,4151,-0.6,-1.0,-2.3,4407,66.9,69.5,0,0,1
San Pascual,18107,2250,11047,4810,47.62,172.1197719,1.052,70.79,9.3,132,150,680,510,43133.0,525,31,0,27,0,0,42613,5.118012,0,0,1,4,34,4981,70.3,56.1,41,16,3369,0.0,0.016,-5.2,4126,66.9,69.5,0,0,1
Santa Eugenia,24684,2881,16394,5409,45.79,104.8598131,2.354,74.63,10.77,146,181,741,573,36865.0,432,36,0,23,1,1,255551,8.654682,1,1,1,2,42,12714,74.2,52.5,72,20,2138,-0.1,0.019,-1.9,2550,71.3,69.0,0,0,1
Simancas,28698,4343,19897,4458,42.45,125.9789289,2.278,77.11,11.0,222,238,1953,1010,24039.0,1032,33,0,35,0,0,122274,6.972312,1,0,1,1,112,10243,76.0,66.0,74,12,2633,0.006,0.015,0.021,3268,67.8,70.3,0,0,1
Sol,7647,486,5843,1293,44.63,171.8426966,0.445,101.9,9.16,36,43,934,283,31684.0,1488,4,0,8,0,0,6256,0.0,1,1,1,53,45,4168,83.0,70.0,105,17,4901,-2.3,-2.0,-1.6,5468,77.3,73.6,0,0,1
Timón,12853,2676,8821,1356,38.09,13.3955185,9.595,78.49,7.91,135,43,606,391,41584.0,231,17,0,20,0,0,422408,3.41176,1,0,1,1,176,5005,81.6,67.6,27,7,3051,0.023,0.001,0.021,3251,79.0,80.9,0,0,1
Trafalgar,25094,2543,17185,5295,45.3,410.7037643,0.611,99.92,7.49,205,266,1904,904,42777.0,1420,47,2,60,1,0,7143,1.820246,1,0,1,12,49,7619,81.4,75.2,46,21,5488,-0.2,-1.8,-3.4,5978,79.1,80.0,1,0,0
Universidad,33540,2503,25700,5215,43.68,354.1710665,0.947,108.88,9.18,237,261,3715,1249,31866.0,2252,75,6,54,1,0,16053,0.966216,1,0,1,30,198,18283,83.0,70.0,460,74,5051,0.003,-1.0,-4.4,5497,77.3,73.6,0,0,1
Valdeacederas,26646,3406,19335,3804,41.73,229.1143594,1.163,97.88,10.45,280,190,1971,1132,28694.0,864,23,0,31,0,0,342664,5.659217,1,0,1,4,89,8932,80.8,60.4,85,30,3266,0.0,-1.1,0.036,3541,66.5,67.1,1,0,0
Valdebernardo,17834,2348,13416,2070,41.81,75.76040782,2.354,68.63,10.99,71,85,693,449,39389.0,267,16,0,21,1,0,809848,7.210161,1,0,1,4,178,7354,72.1,66.6,20,9,2978,0.001,0.012,0.033,2978,72.6,72.1,0,0,1
Valdefuentes,61931,16682,40630,4619,34.6,36.91202766,16.778,74.24,6.09,937,170,3633,2156,53810.0,653,50,0,48,1,0,3542117,10.24979,1,1,1,5,474,17928,76.4,60.9,72,28,3823,0.001,-0.4,-1.3,3873,75.2,75.7,0,0,1
Valdemarín,6957,1846,4333,778,36.7,21.04992436,3.305,68.8,3.56,82,43,407,263,88035.0,104,13,1,12,0,0,124273,9.001222,1,0,1,1,13,3099,83.5,70.5,16,8,4194,0.005,0.006,-5.3,4864,81.0,79.5,0,0,1
Valdezarza,30405,3836,19040,7529,46.29,217.6449535,1.397,82.03,9.26,246,285,1418,827,35550.0,575,34,0,33,0,2,206940,5.454076,1,0,1,4,56,13545,83.5,70.5,70,35,3065,0.04,0.025,0.036,3448,81.0,79.5,0,0,1
Vallehermoso,20474,2303,12459,5641,47.79,191.7041199,1.068,88.32,5.94,143,223,1143,665,58449.0,739,47,11,67,0,2,19514,2.98155,1,0,1,24,40,6216,81.4,75.2,37,18,4953,0.012,0.013,0.093,4953,79.1,80.0,1,0,0
Valverde,64845,15357,41775,7536,37.7,72.23459953,8.977,72.02,8.34,758,322,3782,2560,43898.0,1469,87,2,79,0,1,1020826,9.207213,1,1,1,9,450,19326,73.5,67.3,60,38,2537,-3.1,-3.4,-6.5,2895,73.6,75.8,0,0,1
Ventas,48891,5496,32035,11360,46.52,152.879925,3.198,82.02,10.92,348,504,3010,1551,26774.0,1545,43,0,68,1,0,312787,3.744405,1,0,1,8,93,13450,70.3,56.1,111,45,2663,0.008,0.009,0.012,3015,66.9,69.5,0,0,1
Vinateros,17122,1968,10153,5001,49.2,288.7352445,0.593,69.92,10.6,121,201,736,435,29493.0,298,9,0,15,0,0,116009,5.417127,1,0,1,1,57,3911,81.3,61.0,23,14,2555,0.032,0.036,0.039,2600,78.6,76.4,1,0,0
Vista Alegre,47602,5991,31074,10537,45.07,299.5720579,1.589,87.55,12.03,331,443,3613,1644,28128.0,2059,61,0,76,1,1,154138,4.405255,1,0,1,11,59,13339,71.3,49.1,118,54,2242,-0.2,-1.4,-6.8,3045,68.4,66.2,1,0,0
Zofío,14412,1958,9953,2501,42.94,185.9612903,0.775,87.83,12.82,109,120,1075,537,23479.0,352,12,0,11,0,1,168118,4.30847,0,0,1,3,379,3896,67.3,44.9,38,15,1925,-3.5,-0.1,0.019,2319,60.1,61.8,0,1,0
